Date,Sender,Message
2024-11-24 09:19:39+00:00,7482805767,
2024-11-24 09:19:39+00:00,7482805767,Now it's your choice to enter into Sakuma Exports‚ù§Ô∏è‚ù§Ô∏è‚ù§Ô∏è
2024-11-24 09:19:39+00:00,7482805767,Stock got split and value come down from above Rs.30 to Come down below 10
2024-11-24 09:19:39+00:00,7482805767,The same happened in August 2024
2024-11-24 09:19:39+00:00,7482805767,After Stock split in 2021 to Companies progress in 2024
2024-11-24 09:19:39+00:00,7482805767,Sakuma Exports in May 2024
2024-11-24 09:19:39+00:00,7482805767,
2024-11-24 09:19:39+00:00,7482805767,Sakuma Exports in May 2021
2024-11-24 09:19:39+00:00,7482805767,
2024-11-22 12:19:18+00:00,1319487254,"Why I buy stock, because stock price under 200 ema, less operating profit margin, promoters decrease holding."
2024-11-22 10:35:00+00:00,1230265920,Weekend homework to all retail investors
2024-11-22 10:34:01+00:00,1230265920,Sab Indians Yes tweet karo ..record bana do
2024-11-22 10:34:01+00:00,1230265920,
2024-11-21 07:43:37+00:00,7482805767,"Are you looking to Recover your loss in various Stocks/Option Trading...

Buy Sakuma Exports..
Hold atleast 1 year...‚ù§Ô∏è‚ù§Ô∏è"
2024-11-21 06:57:55+00:00,5022073226,
2024-11-21 06:33:38+00:00,6195523639,How can I find which stocks has 20% upper circuit
2024-11-21 03:55:44+00:00,7482805767,"Buy Sakuma Exports 
CMP 3.85
Target 20
Period 1year"
2024-11-21 02:22:25+00:00,7482805767,
2024-11-20 13:28:24+00:00,1277377363,‡§™‡§∞‡•â‡§¨‡•ç‡§≤‡•á‡§Æ‡•ç‡§∏
2024-11-19 04:16:22+00:00,7482805767,"Sakuma Exports
I analyzed this stock.. it will start an uptrend when it goes above 4.50 rs.. currently, it is in a downtrend.. and its actual value is 3 rs, while it is currently at 3.86.Waiting to enter more to cross above 4.5.It will cross it soon in some sessions..

Right time to enter at good quantity"
2024-11-19 04:01:16+00:00,7482805767,"Sakuma Exports

I had visited the company on last month and very much satisfied with the company and interacted with the employees also...

Ver good potential company.."
2024-11-19 03:48:56+00:00,7482805767,"Pla your Trade with Sakuma Exports
Hold till it reaches Rs.15"
2024-11-19 01:36:41+00:00,7482805767,
2024-11-18 16:12:11+00:00,5940824548,Ok
2024-11-18 15:59:45+00:00,7482805767,"Sakuma Exports Limited Secures Rs. 150 Crore Deal

Sakuma Exports Limited has secured a major contract worth approximately Rs 150 crore for the supply of sugar to the North East, West Bengal, and Bihar regions. This contract strengthens the company's presence in these key markets and reflects its ongoing efforts to meet the growing demand for sugar in India.

The company is also exploring similar opportunities in northern India as part of its expansion strategy. By tapping into these regions, Sakuma Exports aims to broaden its operational footprint and capitalize on emerging opportunities.

These developments are expected to bolster the company's growth trajectory and create additional value for shareholders and stakeholders. Sakuma Exports is committed to pursuing initiatives that drive sustainable growth, reinforcing its status as a leading player in the agro-commodities sector.
Source: News on Project"
2024-11-18 15:55:01+00:00,7482805767,"Sakuma Exports shares gain 2% on bonus issue, fund raising plan

Sakuma Exports' stock surged 2% early on July 2 following board approval for bonus shares and fundraising via qualified institutional placement.
The company's board, in a meeting on July 1, greenlit a 4:1 issue of bonus shares‚Äîfour new fully paid-up equity shares of Re 1 each for every existing share held. This move awaits shareholder approval on the record date yet to be determined.
Additionally, the board authorized fundraising through QIP, aiming to raise up to Rs 500 crore in one or more tranches.
In the said meeting, the company board approved undertaking investment up to a sum of Rs 600 crore in direct/step-down subsidiaries of the company whether existing or proposed to be set up at a future date and whether situated in India or abroad.
And approved the increase in the limit of investment in the capital of the company up to 49 percent of the total paid-up capital of the company by foreign portfolio investors, foreign institutional investors, foreign direct investment and non-resident Indians.
The extraordinary general meeting (EGM) of the members of Sakuma Exports will be held on July 31, 2024.
Source : Money Control"
2024-11-18 12:31:56+00:00,1230265920,
2024-11-18 12:31:56+00:00,1230265920,
2024-11-18 09:44:14+00:00,7482805767,"Buy and hold Sakuma Exports

CMP Rs.3.85
Target 1 year Rs.25.."
2024-11-18 08:54:13+00:00,7482805767,Good news for Sakuma Exports
2024-11-18 08:54:13+00:00,7482805767,https://www.cnbctv18.com/india/government-permits-procurement-of-soybean-with-higher-moisture-content-19510633.htm?utm_medium=social&utm_source=whatsapp&utm_campaign=regular-editorial
2024-11-18 06:25:30+00:00,7482805767,"##S ##S:
Sakuma in 2018

Split

Now waiting for a double digit soon"
2024-11-18 06:25:28+00:00,7482805767,
2024-11-18 06:25:28+00:00,7482805767,
2024-11-18 04:48:39+00:00,7482805767,"The stock issued bonus share in the ratio 4:1 in August 2024...The company is paying dividend in every year..
The company is having overseas subsidiaries in America,Africa and European Countries.."
2024-11-18 04:48:39+00:00,7482805767,Buy Sakuma with a 1 year Target of Rs.25.00
2024-11-18 04:48:39+00:00,7482805767,"Every September quarter...Sakuma Exports Sales and Profit will be less compared to other quarters...It's seasonal business..
So last day result came.. The same thing happened. 
Now it's LC today.. It's temporary and will back soon...I had averaged today..
Don't miss the opportunity to enter in the right time .

Sakuma Exports.."
2024-11-18 04:32:55+00:00,7482805767,"Every September quarter...Sakuma Exports Sales and Profit will be less compared to other quarters...It's seasonal business..
So last day result came.. The same thing happened. 
Now it's LC today.. It's temporary and will back soon...I had averaged today..
Don't miss the opportunity to enter in the right time .

Sakuma Exports.."
2024-11-18 04:32:55+00:00,7482805767,"##:
Stock Name 

Sakuma Exports Ltd

CMP Rs.3.96

Company has issued bonus shares in the ratio 4:1 in the month of August 2024.The stock has split from Rs.32.00 to Rs.8.00



Sakuma Exports Ltd. is engaged in Buying, Processing, Marketing, Exporting bulk agricultural commodities like Sugar, Edible Oils, Oil Seeds, Pulses, Cotton, etc. It also offers innovative financial structured products linked to physical commodities.


Key Points¬†

Products
The company trades major bulk commodities such as Sugar, Edible Oil, Pulses, Lentils, Cotton, and other Agri commodities.¬†

Business Verticals

1) Agro Commodities:¬†Offers Sugar and by-products, Oilseed & palm complex products, grains including Rice, wheat, corn, etc, Pulses, spices such as Coriander seeds, Cumin Seeds, Turmeric, etc, animal feed & cotton.It discontinued the oil business from FY21.

2) Petrochemicals, Petroleum, and Minerals:¬†Used in clothing, housing, construction, furniture, automobiles, household items, agriculture, horticulture, irrigation, etc.

3) Renewable Energy:¬†Ventured into renewable Energy in 2007 by installing windmills in Gujarat.

Geographical Split
India - 36% in FY24 vs 32% in FY22
Outside India - 64% in FY24 vs 68% in FY22

The export share has dropped as the GoI imposed restrictions on sugar export in FY24 to balance the domestic demand & supply dynamics. The company had to curtail export business and divert focus on domestic markets. This has also impacted the share of Sugar business revenue.


Product-Wise Revenue Mix
Sugar - 78% in FY24 vs 99% in FY22
Other commodities - 22% in FY24 vs 1% in FY22

New Contract
The company received a contract of Rs.150 Cr for the supply of sugar to the North East, West Bengal, and Bihar regions in Q1 FY25.¬†It has also established a supply of maize to multigrain refineries for the production of Ethanol.


Clientele
Top 10 customers account for 75-80% of the revenues, the company trades with large buyers domestically (coastal refineries, Wilmar Group, EID Parry) and globally (Viterra, COFCO), etc


Subsidiary Company
The company has 5 overseas subsidiaries in Dubai, Singapore, Ghana, Tanzania, and Bahrain. In FY24, these subsidiaries contributed to ~13% of the overall revenue.¬†In FY24, co. had invested 10 Million USD in its subsidiary in the UK, to increase operations in trading commodities globally. Sakuma Impex Ltd UK has secured an outstanding order book of ~¬£5 million.

Focus
The company has shifted its strategy to focus on domestic trade due to recurring government regulations. This includes supplying pulses and expanding domestic activities to offset export losses. Additionally, the company has begun supplying maize to multigrain refineries for ethanol production.¬†

Company has seasonal wise sales for a FY..The high sales and profit comes from Dec and Mar quarter...

The trend of the stock is 
Every year the sales and profit is less in June and Sept quarter.Tge main sales and profit will come on Dec and Mar quarter"
2024-11-17 23:43:23+00:00,7482805767,"##:
Stock Name 

Sakuma Exports Ltd

CMP Rs.3.96

Company has issued bonus shares in the ratio 4:1 in the month of August 2024.The stock has split from Rs.32.00 to Rs.8.00



Sakuma Exports Ltd. is engaged in Buying, Processing, Marketing, Exporting bulk agricultural commodities like Sugar, Edible Oils, Oil Seeds, Pulses, Cotton, etc. It also offers innovative financial structured products linked to physical commodities.


Key Points¬†

Products
The company trades major bulk commodities such as Sugar, Edible Oil, Pulses, Lentils, Cotton, and other Agri commodities.¬†

Business Verticals

1) Agro Commodities:¬†Offers Sugar and by-products, Oilseed & palm complex products, grains including Rice, wheat, corn, etc, Pulses, spices such as Coriander seeds, Cumin Seeds, Turmeric, etc, animal feed & cotton.It discontinued the oil business from FY21.

2) Petrochemicals, Petroleum, and Minerals:¬†Used in clothing, housing, construction, furniture, automobiles, household items, agriculture, horticulture, irrigation, etc.

3) Renewable Energy:¬†Ventured into renewable Energy in 2007 by installing windmills in Gujarat.

Geographical Split
India - 36% in FY24 vs 32% in FY22
Outside India - 64% in FY24 vs 68% in FY22

The export share has dropped as the GoI imposed restrictions on sugar export in FY24 to balance the domestic demand & supply dynamics. The company had to curtail export business and divert focus on domestic markets. This has also impacted the share of Sugar business revenue.


Product-Wise Revenue Mix
Sugar - 78% in FY24 vs 99% in FY22
Other commodities - 22% in FY24 vs 1% in FY22

New Contract
The company received a contract of Rs.150 Cr for the supply of sugar to the North East, West Bengal, and Bihar regions in Q1 FY25.¬†It has also established a supply of maize to multigrain refineries for the production of Ethanol.


Clientele
Top 10 customers account for 75-80% of the revenues, the company trades with large buyers domestically (coastal refineries, Wilmar Group, EID Parry) and globally (Viterra, COFCO), etc


Subsidiary Company
The company has 5 overseas subsidiaries in Dubai, Singapore, Ghana, Tanzania, and Bahrain. In FY24, these subsidiaries contributed to ~13% of the overall revenue.¬†In FY24, co. had invested 10 Million USD in its subsidiary in the UK, to increase operations in trading commodities globally. Sakuma Impex Ltd UK has secured an outstanding order book of ~¬£5 million.

Focus
The company has shifted its strategy to focus on domestic trade due to recurring government regulations. This includes supplying pulses and expanding domestic activities to offset export losses. Additionally, the company has begun supplying maize to multigrain refineries for ethanol production.¬†

Company has seasonal wise sales for a FY..The high sales and profit comes from Dec and Mar quarter...

The trend of the stock is 
Every year the sales and profit is less in June and Sept quarter.The main sales and profit will come on Dec and Mar quarter"
2024-11-16 15:09:31+00:00,7482805767,"##:
Stock Name 

Sakuma Exports Ltd

CMP Rs.3.96

Company has issued bonus shares in the ratio 4:1 in the month of August 2024.The stock has split from Rs.32.00 to Rs.8.00



Sakuma Exports Ltd. is engaged in Buying, Processing, Marketing, Exporting bulk agricultural commodities like Sugar, Edible Oils, Oil Seeds, Pulses, Cotton, etc. It also offers innovative financial structured products linked to physical commodities.


Key Points¬†

Products
The company trades major bulk commodities such as Sugar, Edible Oil, Pulses, Lentils, Cotton, and other Agri commodities.¬†

Business Verticals

1) Agro Commodities:¬†Offers Sugar and by-products, Oilseed & palm complex products, grains including Rice, wheat, corn, etc, Pulses, spices such as Coriander seeds, Cumin Seeds, Turmeric, etc, animal feed & cotton.It discontinued the oil business from FY21.

2) Petrochemicals, Petroleum, and Minerals:¬†Used in clothing, housing, construction, furniture, automobiles, household items, agriculture, horticulture, irrigation, etc.

3) Renewable Energy:¬†Ventured into renewable Energy in 2007 by installing windmills in Gujarat.

Geographical Split
India - 36% in FY24 vs 32% in FY22
Outside India - 64% in FY24 vs 68% in FY22

The export share has dropped as the GoI imposed restrictions on sugar export in FY24 to balance the domestic demand & supply dynamics. The company had to curtail export business and divert focus on domestic markets. This has also impacted the share of Sugar business revenue.


Product-Wise Revenue Mix
Sugar - 78% in FY24 vs 99% in FY22
Other commodities - 22% in FY24 vs 1% in FY22

New Contract
The company received a contract of Rs.150 Cr for the supply of sugar to the North East, West Bengal, and Bihar regions in Q1 FY25.¬†It has also established a supply of maize to multigrain refineries for the production of Ethanol.


Clientele
Top 10 customers account for 75-80% of the revenues, the company trades with large buyers domestically (coastal refineries, Wilmar Group, EID Parry) and globally (Viterra, COFCO), etc


Subsidiary Company
The company has 5 overseas subsidiaries in Dubai, Singapore, Ghana, Tanzania, and Bahrain. In FY24, these subsidiaries contributed to ~13% of the overall revenue.¬†In FY24, co. had invested 10 Million USD in its subsidiary in the UK, to increase operations in trading commodities globally. Sakuma Impex Ltd UK has secured an outstanding order book of ~¬£5 million.

Focus
The company has shifted its strategy to focus on domestic trade due to recurring government regulations. This includes supplying pulses and expanding domestic activities to offset export losses. Additionally, the company has begun supplying maize to multigrain refineries for ethanol production.¬†

Company has seasonal wise sales for a FY..The high sales and profit comes from Dec and Mar quarter...

The trend of the stock is 
Every year the sales and profit is less in June and Sept quarter.Tge main sales and profit will come on Dec and Mar quarter"
2024-11-13 15:29:45+00:00,1857201670,https://youtu.be/981hxy4taPM
2024-11-13 10:11:47+00:00,1182160760,Engulfing and engulfing failed
2024-11-13 10:11:40+00:00,1182160760,Support and resistance
2024-11-13 10:11:31+00:00,1182160760,Supply n demand
2024-11-13 10:10:39+00:00,5941387226,Which technical analysis strategy could be applied predict range market in forex trading
2024-11-13 10:10:00+00:00,5941387226,How to predict range market in forex trading
2024-11-13 07:09:30+00:00,1230265920,
2024-11-13 07:09:30+00:00,1230265920,
2024-11-12 15:47:37+00:00,1857201670,https://youtu.be/g6TL0MfjVHg
2024-11-11 15:51:42+00:00,1857201670,https://youtu.be/FOdKefF3IWE
2024-11-07 15:39:07+00:00,1857201670,https://youtu.be/EMLfNzMyy68
2024-11-06 02:14:47+00:00,1230265920,"MSCI Changes-Impact on Nov 7 mornings 

Expected inclusions-Kalyan, Adani Energy, Oberoi Realty, Alkem, BSE

Src-Nuvama"
2024-11-05 15:40:44+00:00,1857201670,https://youtu.be/D65Xc8HF-uY
2024-10-31 02:29:44+00:00,1230265920,
2024-10-29 16:30:56+00:00,1230265920,"üòébina cigarette ko chuhe hum log peaky Blinders ki trah cigarettes phukte hai
ü§°Delhi"
2024-10-29 15:19:45+00:00,1857201670,https://youtu.be/sNsy3QMTVbE
2024-10-28 14:35:29+00:00,1857201670,https://youtu.be/QYa_RQ5mAuY
2024-10-25 18:29:24+00:00,5480916310,Photo from Reddy
2024-10-25 03:17:25+00:00,1230265920,Aadhaar card is not a valid document to determine age: Supreme Court of India.
2024-10-25 03:11:35+00:00,1230265920,"Fno results on 26th October 

Icicibank 
Idfc"
2024-10-25 03:11:35+00:00,1230265920,"Fno stock results tomorrow 
Coalindia 
Jsw steel 
Dlf
Bel
Indigo
BPCL
Bank of Baroda 
Shriram fin
Torrent pharma 
Hpcl
Bandhan Bank"
2024-10-24 15:03:20+00:00,1857201670,https://youtu.be/liNlV2_PXII
2024-10-23 14:37:30+00:00,1857201670,https://youtu.be/ahf60ftMDUc
2024-10-22 05:26:41+00:00,6420357737,institutional selling will only increase from this point as profit pools continue to remain shallow. let the market correct under its own weight. buy when the risk reward is favorable again. nifty at 19-20K is a high possibility
2024-10-21 17:14:58+00:00,1857201670,https://youtu.be/COosyEkY46Q
2024-10-18 07:17:12+00:00,7337972407,"6% üí∏üöÄ sterling tools 
Learna and Earn üìä"
2024-10-17 15:15:34+00:00,1857201670,https://youtu.be/Bnu6ylAPeMY
2024-10-17 13:28:56+00:00,1154451749,
2024-10-16 15:54:55+00:00,616290864,Me alienware chodke tablet lene ki soch rha hu esa mst experience ata
2024-10-16 15:54:20+00:00,616290864,"Ha
Ya fir koi sasta tablet lelo mst
I prefer tab than laptop"
2024-10-16 15:45:38+00:00,1182160760,Mobile se krlo
2024-10-16 15:45:35+00:00,1182160760,Itne me laptop lene se accha
2024-10-16 15:34:41+00:00,1319487254,"I want to buy a laptop for trading and study, my budget is 15000rs, second hand bhi chala ga konsa Lana chahiye"
2024-10-16 15:27:20+00:00,7343682415,Ji
2024-10-16 14:59:02+00:00,1857201670,https://youtu.be/xPKVral4MmY
2024-10-15 15:35:30+00:00,1857201670,https://youtu.be/K-JVtiJJcIg
2024-10-14 15:06:06+00:00,1857201670,https://youtu.be/Ex0g5C6-RFA
2024-10-14 10:07:21+00:00,5049985049,Sure
2024-10-14 10:06:55+00:00,5403675379,"Greattttt...please check your dm, I am interested"
2024-10-14 10:05:56+00:00,5049985049,yes. Here are few stocks in that
2024-10-14 10:04:08+00:00,5403675379,"wow, do you have BMfocused smallcap as well?"
2024-10-14 10:03:29+00:00,796219728,I am not able to message you personally
2024-10-14 10:02:18+00:00,5049985049,yeah
2024-10-14 10:01:10+00:00,796219728,Hello
2024-10-14 10:00:25+00:00,5049985049,"I currently have 50+ smallcases available. If anyone is interested, I can offer them for a minimal fee (rebalance updates included). (Attaching the proof of few of them)"
2024-10-10 14:10:39+00:00,6054306478,https://newshaq.com/non-iit-non-cs-background-from-3rd-tier-collage-got-65-lakh-package-from-google/
2024-10-09 10:40:18+00:00,1857201670,https://youtu.be/kHy-Ul0WdKw
2024-10-08 15:56:57+00:00,508877687,"üîäüîä‡§¨‡§°‡§º‡•Ä ‡§ñ‡§¨‡§∞ üîäüîä

‡§¨‡•Å‡§≤‡•ç‡§∏ ‡§ï‡•Ä ‡§π‡§æ‡§≤‡§§ ‡§Æ‡•á‡§Ç ‡§ï‡§æ‡§´‡•Ä ‡§∏‡•Å‡§ß‡§æ‡§∞, ‡§ï‡•Å‡§õ ‡§π‡•Ä ‡§¶‡§ø‡§® ‡§Æ‡•á‡§Ç ‡§ï‡§æ‡§Æ ‡§™‡§∞ ‡§µ‡§æ‡§™‡§∏ ‡§≤‡•å‡§ü‡§®‡•á ‡§ï‡•Ä ‡§∏‡§Ç‡§≠‡§æ‡§µ‡§®‡§æ üòÄüòÇüòÇ"
2024-10-08 15:36:35+00:00,2067553710,That's what matters üòÇ
2024-10-08 15:36:26+00:00,2067553710,And earned also üòÇ
2024-10-08 15:36:06+00:00,2067553710,Proud narcissist ü§§
2024-10-08 14:17:16+00:00,1107407911,"Good job, you win üëè"
2024-10-08 14:16:42+00:00,1107407911,"Ohh, the Narcissistic audacity for attention.ü§¶"
2024-10-08 13:21:34+00:00,2067553710,2 months target given by bse in 24 hrs
2024-10-08 12:03:34+00:00,616290864,Good one
2024-10-08 10:35:42+00:00,1107407911,"Buy shalimar paints, at 128-130.
Target 150-155-160
SL below 125
Holding period 1-2 months"
2024-10-08 10:35:34+00:00,1107407911,Reversal and up 3%
2024-10-08 09:53:08+00:00,2067553710,He's right now in about 20% profit
2024-10-08 09:52:57+00:00,2067553710,If someone bought it yesterday
